팀명,년도,순위_hit,AVG_hit,G_hit,PA,AB,R_hit,H_hit,2B_hit,3B_hit,HR_hit,TB,RBI,SAC_hit,SF_hit,BB_hit,IBB_hit,HBP_hit,SO_hit,GDP,SLG,OBP,OPS,MH,RISP,PH-BA,순위_pit,ERA,G_pit,W,L,SV,HLD,WPCT,IP,H_pit,HR_pit,BB_pit,HBP_pit,SO_pit,R_pit,ER,WHIP,CG,SHO,QS,BSV,TBF,NP,AVG_pit,2B_pit,3B_pit,SAC_pit,SF_pit,IBB_pit,WP,BK,순위_run,G_run,SBA,SB_run,CS_run,SB%,OOB,PKO_run,순위_def,G_def,E,PKO_def,PO,A,DP,FPCT,PB,SB_def,CS_def,CS%
롯데,2001,1,0.28,133,5308,4521,718,1265,247,24,121,1923,671,82,60,585,39,60,817,89,0.425,0.365,0.79,133,0.288,0.244,4,4.68,133,59,70,33,28,0.457,1171 2/3,1238,128,523,61,790,670,609,1.5,0,3,43,0,5189,19593,0.276,251,22,86,38,23,53,2,4,133,159,106,53,66.7,0,0,7,133,99,9,3515,1518,141,0.981,12,85,58,40.6
KIA,2001,2,0.278,133,5189,4542,683,1263,221,17,142,1944,637,51,43,497,21,56,774,129,0.428,0.353,0.781,133,0.272,0.225,7,5.01,133,60,68,28,16,0.469,1178 2/3,1231,160,499,79,743,727,656,1.47,10,6,35,0,5207,19799,0.272,212,16,71,36,17,51,3,7,133,155,92,63,59.4,0,0,6,133,107,1,3536,1477,134,0.979,10,100,53,34.6
삼성,2001,3,0.277,133,5280,4553,739,1262,244,21,162,2034,695,69,42,520,27,95,814,111,0.447,0.36,0.807,133,0.267,0.223,3,4.39,133,81,52,43,20,0.609,1187 1/3,1195,132,561,61,844,644,579,1.48,7,6,51,0,5243,20128,0.265,207,13,76,37,20,38,8,8,133,117,73,44,62.4,0,0,1,133,79,7,3562,1365,112,0.984,10,95,48,33.6
두산,2001,4,0.276,133,5303,4583,732,1266,221,26,130,1929,688,54,46,560,27,60,697,116,0.421,0.359,0.78,133,0.278,0.163,6,4.96,133,65,63,35,40,0.508,1180 1/3,1290,128,546,60,799,733,650,1.56,1,3,27,0,5282,20071,0.284,196,23,85,48,17,47,0,2,133,166,132,34,79.5,0,0,5,133,109,3,3541,1599,140,0.979,12,126,56,30.8
LG,2001,5,0.276,133,5319,4521,669,1247,219,24,85,1769,630,114,41,590,24,52,759,100,0.391,0.363,0.754,133,0.28,0.263,8,5.09,133,58,67,26,27,0.464,1184 2/3,1253,127,647,69,765,732,670,1.6,0,3,43,0,5380,21119,0.277,204,23,99,46,43,52,6,6,133,154,96,58,62.3,0,0,3,133,103,12,3554,1485,129,0.98,16,110,55,33.3
한화,2001,6,0.275,133,5259,4556,659,1255,211,15,148,1940,628,75,34,549,28,45,877,106,0.426,0.357,0.783,133,0.265,0.233,5,4.82,133,61,68,25,33,0.473,1185,1288,142,541,66,813,733,634,1.54,7,5,49,0,5331,20774,0.28,238,26,73,45,44,57,5,1,133,200,135,65,67.5,0,0,2,133,117,2,3555,1413,130,0.977,9,111,48,30.2
현대,2001,7,0.268,133,5225,4445,711,1192,166,20,169,1905,667,77,29,598,14,76,911,109,0.429,0.362,0.791,133,0.279,0.232,1,4.34,133,72,57,39,23,0.558,1183 1/3,1250,98,531,54,757,628,570,1.51,6,3,56,0,5218,20097,0.277,219,26,78,37,8,54,1,5,133,154,99,55,64.3,0,0,4,133,116,6,3550,1553,147,0.978,5,96,69,41.8
SK,2001,8,0.26,133,5077,4400,596,1143,215,11,113,1719,555,122,26,457,23,71,770,95,0.391,0.337,0.728,133,0.255,0.274,2,4.38,133,60,71,33,22,0.458,1171 1/3,1148,155,508,65,908,640,570,1.41,11,8,61,0,5110,19710,0.259,217,9,76,34,31,54,1,3,133,182,123,59,67.6,0,0,8,133,96,3,3514,1434,124,0.981,19,106,44,29.3
삼성,2002,1,0.284,133,5304,4648,777,1321,266,16,191,2192,731,55,34,469,26,97,804,116,0.472,0.36,0.832,133,0.278,0.165,1,3.92,133,82,47,37,22,0.636,1197 2/3,1182,148,385,74,987,581,521,1.31,2,8,45,0,5089,19535,0.262,214,22,80,33,16,45,3,8,133,76,47,29,61.8,49,5,1,133,87,5,3593,1409,115,0.983,14,74,65,46.8
SK,2002,2,0.27,133,5090,4475,618,1207,204,27,158,1939,587,96,34,385,15,100,815,94,0.433,0.339,0.772,133,0.271,0.218,6,4.47,133,61,69,25,15,0.469,1179,1150,176,402,78,948,638,586,1.32,5,7,54,0,5074,19578,0.255,209,15,55,23,34,34,3,5,133,135,80,55,59.3,60,11,7,133,94,8,3537,1363,95,0.981,8,129,50,27.9
KIA,2002,3,0.269,133,5200,4575,643,1230,220,14,120,1838,611,45,35,454,32,91,914,107,0.402,0.344,0.746,133,0.268,0.25,2,3.92,133,78,51,38,30,0.605,1195,1185,151,370,97,862,580,520,1.3,10,7,55,0,5106,19112,0.26,159,12,54,34,14,55,2,1,133,194,155,39,79.9,54,8,2,133,101,1,3585,1403,127,0.98,12,75,60,44.4
LG,2002,4,0.261,133,5121,4492,583,1173,212,22,100,1729,541,93,37,412,29,86,951,91,0.385,0.332,0.717,133,0.258,0.178,3,3.93,133,66,61,32,40,0.52,1190 2/3,1119,135,501,100,896,575,520,1.36,2,9,38,0,5145,20432,0.252,185,19,74,26,30,40,5,2,133,203,140,63,69.0,46,7,3,133,91,10,3572,1369,139,0.982,8,67,48,41.7
현대,2002,5,0.261,133,5140,4444,658,1160,191,25,173,1920,643,99,34,464,26,99,945,82,0.432,0.342,0.774,133,0.27,0.209,5,4.23,133,70,58,38,36,0.547,1186 1/3,1219,142,416,64,890,614,558,1.38,3,6,49,0,5131,19927,0.268,230,10,64,32,12,54,5,6,133,129,79,50,61.2,50,6,4,133,82,10,3559,1445,125,0.984,12,82,46,35.9
두산,2002,6,0.261,133,5083,4498,587,1173,174,21,130,1779,556,47,46,434,17,58,794,107,0.396,0.331,0.727,133,0.255,0.266,4,3.93,133,66,65,38,43,0.504,1183,1139,99,479,60,954,562,517,1.37,3,6,60,0,5087,19237,0.257,187,23,77,33,30,44,2,3,133,148,106,42,71.6,46,1,6,133,88,3,3549,1447,130,0.983,7,103,53,34.0
한화,2002,7,0.256,133,5062,4491,603,1148,206,10,170,1884,570,52,22,446,22,49,1064,106,0.42,0.328,0.748,133,0.251,0.189,8,4.79,133,59,69,32,32,0.461,1184 2/3,1254,146,392,102,953,672,631,1.39,8,5,54,0,5198,20061,0.272,229,25,62,38,29,42,4,4,133,159,94,65,59.1,38,3,5,133,85,10,3554,1363,94,0.983,9,116,43,27.0
롯데,2002,8,0.245,133,4986,4512,463,1105,206,19,85,1604,443,49,22,324,14,78,978,75,0.355,0.305,0.66,132,0.224,0.131,7,4.72,133,35,97,13,19,0.265,1168,1269,130,443,83,775,710,612,1.47,5,7,49,0,5156,19635,0.281,266,28,70,45,16,40,1,7,133,139,76,63,54.7,51,9,8,133,117,2,3504,1523,165,0.977,13,107,41,27.7
현대,2003,1,0.286,133,5313,4483,723,1280,208,15,175,2043,673,139,38,543,23,109,727,100,0.456,0.373,0.829,133,0.272,0.208,3,4.13,133,80,51,39,43,0.611,1190,1245,120,457,62,840,627,546,1.43,2,4,58,0,5197,20181,0.273,229,17,92,33,6,56,2,6,133,123,75,48,61.0,72,5,2,133,112,3,3570,1448,131,0.978,9,120,73,37.8
삼성,2003,2,0.284,133,5241,4564,769,1295,236,14,213,2198,744,73,38,481,19,85,661,131,0.482,0.36,0.842,133,0.293,0.206,5,4.37,133,76,53,30,41,0.589,1183,1199,133,494,59,808,613,574,1.43,2,5,45,0,5150,19834,0.268,222,24,95,29,15,46,3,8,133,88,56,32,63.6,41,5,3,133,75,10,3549,1379,118,0.985,9,81,54,40.0
두산,2003,3,0.276,133,5165,4536,563,1251,205,21,90,1768,541,63,52,452,17,62,706,121,0.39,0.346,0.736,133,0.271,0.272,4,4.24,133,57,74,30,53,0.435,1175 2/3,1194,105,464,79,654,619,554,1.41,7,7,52,0,5144,19144,0.268,208,18,105,43,22,37,3,7,133,94,58,36,61.7,45,7,6,133,90,2,3527,1403,135,0.982,10,108,39,26.5
KIA,2003,4,0.272,133,5127,4448,657,1211,219,16,129,1849,626,94,37,505,18,42,721,72,0.416,0.349,0.765,131,0.284,0.226,1,3.62,133,78,50,36,34,0.609,1178,1092,137,414,101,820,527,474,1.28,12,10,65,0,4999,19162,0.25,178,10,88,30,12,42,1,1,133,213,146,67,68.5,73,11,5,133,70,1,3534,1493,123,0.986,7,48,52,52.0
SK,2003,5,0.272,133,5157,4445,644,1208,209,16,156,1917,612,127,32,464,10,89,763,87,0.431,0.35,0.781,133,0.269,0.19,7,4.44,133,66,64,43,48,0.508,1181 1/3,1190,135,497,83,759,642,583,1.43,3,10,44,0,5158,19830,0.267,212,21,84,32,19,42,2,4,133,139,82,57,59.0,64,5,4,133,90,14,3544,1560,118,0.983,14,101,67,39.9
롯데,2003,6,0.256,133,4987,4465,491,1143,232,18,73,1630,451,83,28,338,11,73,848,75,0.365,0.317,0.682,133,0.243,0.206,8,5.01,133,39,91,22,58,0.3,1164 1/3,1302,171,435,93,647,709,648,1.49,3,4,44,0,5173,19413,0.289,259,22,93,40,16,36,3,3,133,150,84,66,56.0,60,8,8,133,104,7,3493,1547,147,0.98,14,78,51,39.5
한화,2003,7,0.254,133,5198,4458,577,1131,218,20,121,1752,521,102,21,542,22,75,887,89,0.393,0.343,0.736,133,0.252,0.201,6,4.37,133,63,65,35,31,0.492,1192,1184,142,437,68,772,617,579,1.36,4,8,54,0,5165,19888,0.261,222,14,82,45,14,53,9,5,133,135,78,57,57.8,64,12,1,133,75,4,3576,1324,97,0.985,7,110,37,25.2
LG,2003,8,0.249,133,4964,4375,509,1088,188,29,106,1652,485,74,40,404,11,70,781,90,0.378,0.319,0.697,133,0.229,0.201,2,3.98,133,60,71,37,51,0.458,1169 2/3,1201,120,531,60,794,579,517,1.48,2,10,48,0,5166,20403,0.271,185,23,116,34,27,49,2,2,133,197,135,62,68.5,40,5,7,133,98,15,3509,1308,116,0.98,6,47,52,52.5
현대,2004,1,0.275,133,5322,4480,692,1233,190,13,134,1851,653,111,38,607,29,86,871,109,0.413,0.37,0.783,133,0.286,0.28,3,4.06,133,75,53,36,32,0.586,1187,1193,123,440,59,842,590,535,1.38,3,8,70,0,5135,20159,0.263,232,16,69,25,0,41,4,3,133,145,100,45,69.0,67,6,3,133,78,7,3561,1467,112,0.985,12,82,45,35.4
SK,2004,2,0.272,133,5254,4499,655,1223,196,9,138,1851,626,105,35,521,24,93,818,98,0.411,0.357,0.768,132,0.271,0.159,6,4.4,133,61,64,29,49,0.488,1186 1/3,1173,116,538,110,891,644,580,1.44,3,6,39,0,5216,20469,0.263,208,13,79,25,18,57,8,7,133,97,50,47,51.5,53,4,4,133,83,10,3559,1469,147,0.984,12,90,60,40.0
삼성,2004,3,0.269,133,5170,4509,641,1215,225,9,132,1854,600,84,31,460,22,86,704,122,0.411,0.346,0.757,131,0.268,0.16,1,3.76,133,73,52,42,74,0.584,1196 1/3,1092,118,505,85,994,564,500,1.33,4,9,52,0,5138,20237,0.247,181,13,87,34,17,43,6,7,133,82,50,32,61.0,50,14,1,133,88,7,3589,1424,112,0.983,13,86,66,43.4
한화,2004,4,0.268,133,5150,4519,632,1213,245,17,140,1912,605,88,33,456,14,54,923,107,0.423,0.34,0.763,133,0.262,0.248,8,5.21,133,53,74,37,36,0.417,1180 2/3,1290,170,455,92,699,750,683,1.48,3,0,48,0,5267,19697,0.282,215,12,95,44,18,47,2,4,133,140,82,58,58.6,50,7,6,133,95,8,3542,1397,115,0.981,11,96,40,29.4
두산,2004,5,0.268,133,5109,4485,606,1200,202,19,89,1707,573,55,40,433,12,96,780,86,0.381,0.342,0.723,132,0.268,0.218,2,3.88,133,70,62,38,47,0.53,1177 2/3,1144,95,457,75,799,560,508,1.36,4,12,54,0,5056,19198,0.26,177,15,84,40,18,49,3,5,133,130,71,59,54.6,59,9,7,133,88,6,3533,1409,146,0.983,11,82,40,32.8
KIA,2004,6,0.267,133,5190,4426,643,1182,224,9,143,1853,610,82,54,549,22,79,693,118,0.419,0.354,0.773,132,0.263,0.263,7,4.51,133,67,61,27,24,0.523,1183,1198,119,496,120,773,637,593,1.43,5,9,49,0,5199,19717,0.268,213,22,77,39,13,48,1,2,133,181,127,54,70.2,38,10,5,133,79,2,3549,1451,151,0.984,7,62,43,41.0
LG,2004,7,0.259,133,5081,4432,588,1150,176,24,102,1680,554,73,40,441,18,95,892,89,0.379,0.337,0.716,133,0.264,0.193,5,4.31,133,59,70,35,64,0.457,1164 1/3,1235,116,543,64,783,637,557,1.53,3,6,46,0,5180,20349,0.277,207,17,76,42,31,55,1,6,133,117,69,48,59.0,56,7,8,133,104,13,3493,1361,142,0.979,16,64,51,44.3
롯데,2004,8,0.252,133,5075,4462,533,1125,195,21,88,1626,500,74,31,416,15,92,853,99,0.364,0.327,0.691,132,0.248,0.146,4,4.22,133,50,72,29,46,0.41,1190 1/3,1216,109,449,76,753,608,558,1.4,4,8,49,0,5160,19578,0.272,220,13,105,53,41,43,3,1,133,175,129,46,73.7,66,10,2,133,87,11,3571,1520,134,0.983,9,89,45,33.6
한화,2005,1,0.27,126,4841,4304,622,1163,211,9,159,1869,594,31,31,400,12,75,824,121,0.434,0.341,0.775,126,0.261,0.22,5,4.41,126,64,61,36,43,0.512,1111,1193,111,389,88,662,603,545,1.42,2,6,55,0,4870,18413,0.279,187,16,79,45,9,35,2,8,126,86,62,24,72.1,33,2,6,126,110,4,3333,1479,127,0.978,7,130,54,29.3
두산,2005,2,0.27,126,4922,4256,596,1147,183,17,63,1553,558,81,35,465,14,85,701,93,0.365,0.351,0.716,126,0.275,0.164,2,3.42,126,72,51,33,51,0.585,1125,1038,90,440,77,818,465,427,1.31,2,14,55,0,4774,18006,0.251,148,6,82,33,13,56,2,2,126,153,103,50,67.3,51,4,3,126,80,7,3375,1299,149,0.983,12,86,36,29.5
SK,2005,3,0.269,126,4984,4230,589,1139,174,12,122,1703,559,136,38,495,27,85,806,88,0.403,0.355,0.758,126,0.249,0.265,1,3.41,126,70,50,27,50,0.583,1137,1005,103,422,99,843,485,431,1.26,2,10,50,0,4822,18822,0.24,160,11,88,23,14,31,1,3,126,155,101,54,65.2,58,15,1,126,80,10,3411,1321,103,0.983,9,82,62,43.1
삼성,2005,4,0.268,126,4975,4234,614,1134,178,6,111,1657,575,98,34,500,21,109,748,112,0.391,0.357,0.748,126,0.265,0.204,3,3.83,126,74,48,37,62,0.607,1129 1/3,1026,109,387,79,875,528,480,1.25,2,7,40,0,4791,18580,0.244,197,21,93,23,11,49,5,5,126,135,97,38,71.9,42,7,2,126,86,5,3388,1361,98,0.982,2,83,37,30.8
KIA,2005,5,0.26,126,4848,4234,541,1102,183,13,99,1608,507,79,31,430,24,74,718,101,0.38,0.337,0.717,125,0.24,0.191,7,4.81,126,49,76,24,26,0.392,1105,1166,138,510,119,786,659,591,1.52,8,5,41,0,4975,19287,0.276,200,7,91,33,16,59,3,3,126,144,101,43,70.1,43,6,7,126,98,11,3315,1388,128,0.98,10,97,44,31.2
LG,2005,6,0.26,126,4785,4222,601,1098,189,21,105,1644,554,80,41,349,12,93,915,72,0.389,0.327,0.716,126,0.276,0.247,8,4.9,126,54,71,31,59,0.432,1102 1/3,1212,109,480,80,781,666,600,1.53,3,7,50,0,4969,19542,0.283,200,18,88,40,27,48,5,1,126,194,149,45,76.8,30,10,8,126,89,15,3307,1314,112,0.981,12,78,34,30.4
현대,2005,7,0.256,126,4899,4190,563,1071,168,16,134,1673,529,105,26,458,12,120,817,85,0.399,0.344,0.743,125,0.241,0.257,6,4.68,126,53,70,28,22,0.431,1115 2/3,1175,125,422,80,803,647,580,1.43,2,9,47,0,4930,18926,0.273,205,21,85,33,2,43,3,7,126,119,81,38,68.1,56,12,5,126,100,3,3347,1340,111,0.979,7,88,41,31.8
롯데,2005,8,0.253,126,4722,4177,500,1058,202,23,83,1555,470,94,20,361,11,70,856,83,0.372,0.322,0.694,125,0.261,0.228,4,4.3,126,58,67,33,24,0.464,1120 1/3,1097,91,408,89,817,573,535,1.34,2,6,58,0,4845,18373,0.26,191,17,98,26,41,44,1,6,126,140,88,52,62.9,57,8,4,126,98,9,3361,1417,124,0.98,6,111,36,24.5
현대,2006,1,0.27,126,4798,4092,547,1104,172,9,92,1570,518,153,32,444,17,77,628,108,0.384,0.35,0.734,126,0.272,0.207,5,3.41,126,70,55,41,45,0.56,1114 2/3,1053,69,394,71,816,467,422,1.3,2,15,67,8,4771,18458,0.251,172,18,82,23,0,39,0,6,126,118,71,47,60.2,53,9,7,126,93,6,3344,1326,125,0.98,3,81,23,22.1
두산,2006,2,0.258,126,4708,4147,455,1068,152,28,55,1441,425,81,27,368,14,83,635,102,0.347,0.328,0.675,126,0.258,0.176,4,3.36,126,63,60,39,29,0.512,1115 2/3,968,69,424,69,834,467,416,1.25,7,10,67,8,4690,17927,0.24,158,18,117,47,13,55,1,1,126,189,132,57,69.8,72,8,6,126,95,7,3347,1306,110,0.98,19,108,47,30.3
KIA,2006,3,0.255,126,4754,4181,476,1067,191,22,62,1488,431,102,26,390,20,55,650,90,0.356,0.325,0.681,126,0.247,0.259,1,3.33,126,64,59,35,29,0.52,1118 1/3,998,73,442,78,735,451,414,1.29,2,9,49,8,4725,18216,0.243,172,7,81,23,17,44,2,4,126,136,93,43,68.4,46,8,4,126,66,8,3355,1426,133,0.986,6,77,39,33.6
삼성,2006,4,0.255,126,4779,4091,538,1043,192,9,73,1472,505,90,42,477,14,79,689,107,0.36,0.341,0.701,126,0.254,0.246,2,3.33,126,73,50,49,65,0.593,1118,1030,100,365,63,781,471,414,1.25,1,15,56,9,4699,18038,0.249,185,10,98,28,9,21,7,2,126,173,121,52,69.9,56,6,5,126,76,3,3354,1293,94,0.984,5,78,48,38.1
SK,2006,5,0.254,126,4793,4177,509,1059,171,19,99,1565,488,96,33,424,19,63,859,84,0.375,0.329,0.704,126,0.246,0.254,6,3.8,126,60,65,33,52,0.48,1124,1071,85,446,83,701,535,475,1.35,0,6,47,11,4819,18300,0.259,172,11,119,33,24,26,2,3,126,164,117,47,71.3,58,11,1,126,90,8,3372,1436,137,0.982,6,121,50,29.2
한화,2006,6,0.253,126,4769,4170,511,1057,191,3,110,1584,481,68,30,442,13,59,800,120,0.38,0.331,0.711,123,0.24,0.195,3,3.35,126,67,57,41,47,0.54,1121 1/3,1077,94,373,49,760,475,418,1.29,11,14,56,10,4731,17764,0.257,166,11,94,18,17,37,2,7,126,93,65,28,69.9,41,3,2,126,84,6,3364,1421,105,0.983,7,123,51,29.3
롯데,2006,7,0.25,126,4766,4137,488,1034,173,3,88,1477,463,124,21,418,17,65,815,84,0.357,0.327,0.684,125,0.268,0.184,7,3.86,126,50,73,28,34,0.407,1118 2/3,1128,83,410,60,637,541,480,1.37,5,9,64,18,4822,18088,0.268,210,12,100,38,30,30,1,8,126,103,62,41,60.2,68,7,3,126,84,10,3356,1529,123,0.983,13,70,48,40.7
LG,2006,8,0.246,126,4724,4217,457,1037,181,16,81,1493,430,92,32,330,19,52,813,86,0.354,0.306,0.66,125,0.232,0.208,8,4.22,126,47,75,29,53,0.385,1110,1144,87,439,60,625,574,521,1.43,3,10,51,12,4834,18397,0.273,188,22,115,33,23,41,3,5,126,117,84,33,71.8,30,8,8,126,82,9,3330,1382,132,0.983,7,64,42,39.6
현대,2007,1,0.271,126,4920,4260,530,1154,178,7,96,1634,507,125,32,443,38,60,653,111,0.384,0.346,0.73,126,0.269,0.3,7,4.41,126,56,69,27,46,0.448,1127,1104,119,466,48,796,615,552,1.39,1,2,44,11,4906,18861,0.259,192,21,91,32,20,32,4,7,126,87,51,36,58.6,57,5,5,126,96,4,3381,1327,106,0.98,12,127,47,27.0
롯데,2007,2,0.27,126,4894,4273,533,1152,193,18,76,1609,501,104,39,405,34,73,763,87,0.377,0.34,0.717,126,0.282,0.262,5,4.12,126,55,68,22,24,0.447,1120 2/3,1164,93,414,69,704,554,513,1.41,2,9,59,12,4871,18425,0.274,184,19,95,43,40,46,4,6,126,113,67,46,59.3,56,3,6,126,82,14,3362,1444,118,0.983,10,80,38,32.2
LG,2007,3,0.268,126,4933,4322,532,1160,186,19,78,1618,508,89,43,431,24,48,704,107,0.374,0.338,0.712,126,0.262,0.266,6,4.33,126,58,62,34,58,0.483,1135 2/3,1181,63,514,52,630,600,547,1.49,2,9,58,16,5014,19341,0.275,215,27,105,55,21,48,2,3,126,176,130,46,73.9,48,11,2,126,94,9,3407,1463,150,0.981,9,56,39,41.1
SK,2007,4,0.264,126,4881,4236,603,1118,212,20,112,1706,568,87,40,442,22,76,750,86,0.403,0.341,0.744,125,0.283,0.223,1,3.24,126,73,48,36,77,0.603,1139 1/3,1079,77,445,67,650,465,410,1.34,1,10,58,9,4852,18425,0.256,141,7,94,32,27,28,1,2,126,204,136,68,66.7,50,9,1,126,88,3,3418,1503,152,0.982,1,71,50,41.3
두산,2007,5,0.263,126,4856,4199,578,1103,209,32,78,1610,543,68,51,449,21,88,748,102,0.383,0.343,0.726,126,0.269,0.137,2,3.44,126,70,54,30,42,0.565,1131 1/3,1067,74,399,75,721,480,432,1.3,6,14,57,11,4814,18464,0.252,187,17,79,34,24,43,4,1,126,220,161,59,73.2,62,12,4,126,73,3,3394,1333,115,0.985,15,105,38,26.6
KIA,2007,6,0.257,126,4811,4204,499,1080,198,16,73,1529,465,78,45,428,7,55,630,117,0.364,0.33,0.694,126,0.242,0.156,8,4.49,126,51,74,26,27,0.408,1109 2/3,1109,103,526,97,670,602,554,1.47,2,6,43,6,4933,18852,0.266,244,17,93,39,28,60,7,5,126,114,70,44,61.4,30,5,8,126,77,5,3329,1426,131,0.984,8,114,37,24.5
한화,2007,7,0.254,126,4805,4128,534,1050,165,13,104,1553,502,87,28,506,17,56,705,128,0.376,0.342,0.718,124,0.271,0.216,3,3.54,126,67,57,39,36,0.54,1119,1084,84,451,53,741,481,440,1.37,9,5,66,12,4781,18314,0.261,182,6,82,36,24,38,4,8,126,69,48,21,69.6,43,5,7,126,76,9,3357,1468,118,0.984,3,124,74,37.4
삼성,2007,8,0.254,126,4895,4186,497,1062,191,9,86,1529,469,95,39,511,28,63,678,93,0.365,0.341,0.706,125,0.238,0.273,4,3.71,126,62,60,41,51,0.508,1131 2/3,1091,90,400,58,719,509,466,1.32,0,11,42,6,4824,18606,0.258,187,20,94,46,7,35,5,4,126,147,101,46,68.7,41,6,3,126,87,8,3395,1431,113,0.982,8,70,43,38.1
SK,2008,1,0.282,126,5003,4332,632,1222,215,23,89,1750,591,80,38,491,15,62,735,99,0.404,0.361,0.765,126,0.278,0.289,1,3.22,126,83,43,43,72,0.659,1151,1053,78,448,55,801,461,412,1.3,1,10,52,16,4855,18607,0.248,127,14,70,32,13,35,2,2,126,253,170,83,67.2,52,7,1,126,102,9,3453,1464,133,0.98,6,89,65,42.2
롯데,2008,2,0.282,126,4890,4256,624,1200,199,22,93,1722,590,62,51,445,13,76,728,97,0.405,0.356,0.761,126,0.273,0.189,2,3.64,126,69,57,27,38,0.548,1119,1134,70,409,47,671,518,453,1.38,9,5,68,11,4769,17361,0.27,196,22,78,40,32,42,2,3,126,201,133,68,66.2,77,9,7,126,92,3,3357,1507,155,0.981,7,112,55,32.9
두산,2008,3,0.276,126,4975,4344,647,1198,166,37,68,1642,598,36,44,472,23,78,719,115,0.378,0.354,0.732,126,0.278,0.31,3,3.89,126,70,56,26,37,0.556,1134 2/3,1115,78,379,69,780,542,490,1.32,0,8,41,14,4857,18259,0.259,192,29,66,45,13,45,5,1,126,252,189,63,75.0,47,8,2,126,92,5,3404,1325,111,0.981,12,109,46,29.7
우리,2008,4,0.266,126,4834,4317,499,1149,190,19,70,1587,471,51,33,396,20,37,713,114,0.368,0.331,0.699,126,0.27,0.237,7,4.43,126,50,76,29,36,0.397,1125 1/3,1159,91,465,70,729,609,554,1.44,4,10,57,15,4933,18768,0.269,209,29,52,39,20,46,2,6,126,154,97,57,63.0,44,10,4,126,100,10,3376,1403,121,0.98,10,123,58,32.0
KIA,2008,5,0.26,126,4832,4210,503,1095,188,28,48,1483,465,85,35,453,14,48,642,97,0.352,0.336,0.688,126,0.251,0.217,4,4.08,126,57,69,29,26,0.452,1124,1078,65,473,77,733,555,510,1.38,3,9,58,10,4850,18391,0.256,180,19,50,42,9,52,5,4,126,196,131,65,66.8,62,11,5,126,75,5,3372,1481,129,0.985,6,143,54,27.4
삼성,2008,6,0.258,126,4859,4180,557,1078,186,16,92,1572,520,70,38,505,15,65,699,115,0.376,0.344,0.72,124,0.274,0.206,5,4.4,126,65,61,40,48,0.516,1123 1/3,1184,87,416,43,703,596,549,1.42,0,6,27,7,4867,18532,0.275,209,18,54,41,4,49,4,8,126,96,59,37,61.5,53,6,6,126,69,9,3370,1387,119,0.986,9,124,59,32.2
LG,2008,7,0.256,126,4743,4184,468,1070,164,23,66,1478,447,85,50,364,6,59,765,90,0.353,0.321,0.674,126,0.249,0.257,8,4.85,126,46,80,25,40,0.365,1108 1/3,1239,82,480,72,631,646,597,1.55,1,9,42,10,4976,18608,0.288,225,41,77,39,4,46,3,5,126,156,111,45,71.2,48,8,8,126,76,13,3325,1365,118,0.984,7,87,51,37.0
한화,2008,8,0.254,126,4882,4275,592,1086,204,20,120,1690,566,52,35,463,17,57,770,100,0.395,0.333,0.728,124,0.283,0.195,6,4.43,126,64,62,36,39,0.508,1129 2/3,1136,95,519,49,723,595,556,1.47,3,5,44,10,4911,18991,0.269,174,16,74,46,28,37,4,6,126,122,97,25,79.5,38,4,3,126,61,8,3389,1457,150,0.988,9,171,55,24.3
SK,2009,1,0.285,133,5379,4574,732,1303,235,17,166,2070,693,128,40,552,16,84,892,103,0.453,0.369,0.822,133,0.256,0.294,1,3.67,133,80,47,33,34,0.63,1213,1141,130,519,54,1032,550,494,1.37,2,4,54,10,5203,20394,0.252,154,17,64,31,34,68,3,2,133,249,181,68,72.7,60,10,1,133,94,5,3639,1406,152,0.982,9,80,43,35.0
두산,2009,2,0.28,133,5265,4591,722,1286,215,33,120,1927,669,26,40,522,21,86,849,128,0.42,0.362,0.782,133,0.284,0.157,3,4.6,133,71,60,32,59,0.542,1186 1/3,1221,120,515,75,862,662,607,1.46,1,6,27,15,5205,19936,0.272,222,28,73,47,7,55,3,4,133,179,129,50,72.1,62,7,3,133,83,6,3559,1455,148,0.984,12,107,53,33.1
LG,2009,3,0.278,133,5248,4505,670,1251,182,21,129,1862,627,97,45,552,28,49,781,124,0.413,0.36,0.773,133,0.265,0.261,7,5.42,133,54,75,25,38,0.419,1175,1316,165,585,91,777,763,707,1.62,0,3,44,11,5339,20615,0.29,241,20,85,43,10,56,1,3,133,188,141,47,75.0,56,6,4,133,84,9,3525,1514,153,0.984,13,136,49,26.5
롯데,2009,4,0.277,133,5053,4420,637,1223,252,15,121,1868,597,60,49,456,9,68,816,121,0.423,0.35,0.773,133,0.273,0.188,4,4.75,133,66,67,40,37,0.496,1162 1/3,1290,139,487,67,722,669,613,1.53,6,13,52,7,5165,18777,0.287,241,14,67,42,35,49,3,7,133,151,106,45,70.2,69,6,8,133,96,9,3487,1523,152,0.981,9,113,49,30.2
삼성,2009,5,0.275,133,5220,4459,685,1224,233,15,146,1925,650,67,43,584,23,67,789,108,0.432,0.364,0.796,133,0.275,0.266,5,4.98,133,64,69,32,45,0.481,1163 2/3,1226,141,609,56,905,700,644,1.58,3,2,45,14,5209,20355,0.278,225,24,80,51,9,67,1,5,133,175,125,50,71.4,64,8,7,133,80,10,3491,1368,136,0.984,8,142,56,28.3
히어로즈,2009,6,0.272,133,5211,4486,683,1219,228,20,153,1946,650,64,48,547,24,63,905,116,0.434,0.356,0.79,133,0.26,0.199,6,5.4,133,60,72,29,32,0.455,1174 1/3,1231,176,565,61,840,762,705,1.53,0,5,44,14,5221,20576,0.274,251,15,73,33,19,51,5,1,133,259,192,67,74.1,50,8,5,133,90,6,3523,1459,141,0.982,16,138,48,25.8
한화,2009,7,0.269,133,5273,4620,657,1241,211,13,164,1970,629,43,31,498,16,81,1017,126,0.426,0.348,0.774,133,0.264,0.258,8,5.7,133,46,84,16,34,0.354,1174,1335,176,569,77,908,805,743,1.62,4,2,32,9,5346,20758,0.292,205,23,65,56,28,56,5,8,133,89,69,20,77.5,38,5,6,133,94,10,3522,1417,146,0.981,11,174,56,24.3
KIA,2009,8,0.267,133,5215,4455,706,1191,197,24,156,1904,671,74,41,579,27,66,890,112,0.427,0.357,0.784,132,0.278,0.262,2,3.92,133,81,48,38,36,0.628,1199,1178,108,441,83,893,581,522,1.35,4,10,62,14,5176,19699,0.258,214,17,52,34,22,22,2,6,133,165,113,52,68.5,64,12,2,133,94,5,3597,1500,129,0.982,3,133,45,25.3
롯데,2010,1,0.288,133,5261,4673,773,1345,220,16,185,2152,739,60,41,420,15,67,873,105,0.461,0.352,0.813,133,0.315,0.202,6,4.82,133,69,61,21,37,0.531,1194,1291,149,419,78,779,710,640,1.43,7,6,63,14,5204,19218,0.282,227,20,89,37,41,49,3,6,133,175,124,51,70.9,62,7,2,133,102,11,3582,1680,130,0.981,6,131,62,32.1
두산,2010,2,0.281,133,5252,4538,731,1276,224,25,149,1997,706,54,38,533,27,89,834,97,0.44,0.365,0.805,133,0.284,0.21,5,4.62,133,73,57,30,56,0.562,1179 2/3,1190,135,437,85,888,669,606,1.38,2,7,50,12,5131,19681,0.266,194,23,89,47,6,58,2,5,133,189,128,61,67.7,56,12,7,133,91,11,3539,1455,112,0.982,8,119,44,27.0
LG,2010,3,0.276,133,5270,4604,688,1270,223,17,121,1890,652,82,44,486,25,54,907,97,0.411,0.349,0.76,133,0.287,0.192,7,5.23,133,57,71,31,59,0.445,1188,1279,125,560,104,793,746,690,1.55,3,8,34,19,5326,20443,0.284,209,14,106,52,23,74,6,1,133,225,169,56,75.1,58,15,4,133,92,9,3564,1573,167,0.982,7,124,66,34.7
SK,2010,4,0.274,133,5213,4439,704,1217,222,16,120,1831,648,147,44,485,25,98,813,86,0.412,0.355,0.767,132,0.284,0.243,1,3.71,133,84,47,36,39,0.641,1198 1/3,1074,117,543,47,1091,545,494,1.35,2,11,53,9,5114,20297,0.243,155,17,85,22,27,80,2,2,133,230,161,69,70.0,51,13,1,133,81,6,3595,1400,126,0.984,7,109,59,35.1
삼성,2010,5,0.272,133,5287,4436,681,1207,212,14,118,1801,630,111,44,621,29,75,916,111,0.406,0.368,0.774,133,0.265,0.247,2,3.94,133,79,52,33,44,0.603,1193 2/3,1168,103,453,54,951,575,523,1.36,2,7,35,12,5119,19811,0.26,203,20,84,38,11,61,3,3,133,213,158,55,74.2,54,8,3,133,92,12,3581,1369,118,0.982,6,134,65,32.7
넥센,2010,6,0.262,133,5139,4452,570,1165,199,20,87,1665,539,95,43,480,16,68,874,119,0.374,0.34,0.714,132,0.268,0.221,4,4.55,133,52,78,27,39,0.4,1185 2/3,1162,122,614,95,832,652,599,1.5,1,2,42,12,5231,21053,0.265,201,16,93,48,17,66,3,4,133,191,135,56,70.7,56,5,5,133,93,17,3557,1515,148,0.982,9,160,68,29.8
KIA,2010,7,0.26,133,5166,4416,611,1148,190,17,106,1690,574,109,33,523,14,85,865,110,0.383,0.347,0.73,133,0.263,0.165,3,4.39,133,59,74,25,40,0.444,1183 2/3,1227,93,468,81,885,641,577,1.43,4,7,54,26,5205,20067,0.272,232,14,102,35,19,53,4,8,133,169,117,52,69.2,48,14,6,133,86,8,3551,1493,118,0.983,4,156,48,23.5
한화,2010,8,0.244,133,5009,4321,543,1053,160,13,104,1551,508,75,33,497,10,80,943,106,0.359,0.331,0.69,133,0.263,0.172,8,5.43,133,49,82,24,28,0.374,1169 1/3,1290,146,551,72,806,763,705,1.57,6,6,46,9,5267,20322,0.286,229,14,85,41,17,65,5,7,133,191,121,70,63.4,56,11,8,133,80,10,3508,1448,127,0.984,7,151,58,27.8
롯데,2011,1,0.288,133,5234,4599,713,1324,226,30,111,1943,666,61,44,466,19,64,836,124,0.422,0.358,0.78,133,0.29,0.229,5,4.2,133,72,56,27,45,0.563,1187,1256,113,430,58,787,619,554,1.42,3,6,67,15,5114,19624,0.28,202,13,102,31,19,62,4,5,133,170,112,58,65.9,56,5,5,133,106,10,3561,1576,165,0.98,7,88,60,40.5
두산,2011,2,0.271,133,5204,4498,614,1221,196,27,92,1747,578,73,39,513,17,81,799,118,0.388,0.354,0.742,133,0.279,0.19,6,4.26,133,61,70,34,46,0.466,1188 2/3,1231,96,476,75,855,619,563,1.44,4,7,51,12,5170,20081,0.276,198,30,110,45,19,70,6,2,133,187,130,57,69.5,70,3,4,133,81,9,3566,1463,132,0.984,6,96,71,42.5
KIA,2011,3,0.269,133,5129,4373,627,1177,204,15,106,1729,597,109,34,554,11,59,782,110,0.395,0.357,0.752,133,0.28,0.203,3,4.1,133,70,63,29,37,0.526,1163 2/3,1117,87,457,76,920,580,530,1.35,7,10,59,10,4991,19327,0.257,207,18,92,25,14,51,6,4,133,151,113,38,74.8,48,7,8,133,67,8,3491,1400,126,0.986,5,120,48,28.6
LG,2011,4,0.266,133,5158,4522,579,1203,192,15,94,1707,539,86,37,463,15,49,858,106,0.377,0.338,0.715,133,0.271,0.169,4,4.15,133,59,72,30,50,0.45,1193 2/3,1173,80,512,71,827,620,550,1.41,2,11,57,15,5209,19771,0.261,206,28,98,34,20,52,6,3,133,168,116,52,69.0,53,4,2,133,97,11,3581,1417,131,0.981,20,110,51,31.7
SK,2011,5,0.263,133,5124,4404,584,1157,204,18,100,1697,561,147,36,470,15,67,891,88,0.385,0.34,0.725,133,0.263,0.238,2,3.59,133,71,59,37,63,0.546,1192 1/3,1001,93,541,65,1006,522,476,1.29,1,9,34,15,5032,20130,0.233,149,16,99,35,24,64,3,6,133,166,105,61,63.3,46,9,3,133,68,5,3577,1378,124,0.986,6,93,64,40.8
삼성,2011,6,0.259,133,5145,4437,625,1150,193,20,95,1668,585,73,43,522,23,69,940,97,0.376,0.343,0.719,132,0.262,0.167,1,3.35,133,79,50,48,74,0.612,1196 1/3,1191,92,395,38,841,513,445,1.33,1,12,65,8,5077,19378,0.263,183,19,87,30,8,40,5,1,133,209,158,51,75.6,54,9,1,133,75,5,3589,1298,115,0.985,6,91,50,35.5
한화,2011,7,0.255,133,5085,4367,568,1112,160,14,93,1579,536,130,25,488,14,74,906,93,0.362,0.338,0.7,133,0.287,0.212,8,5.11,133,59,72,26,36,0.45,1175,1273,128,524,55,938,727,667,1.53,4,6,44,12,5280,20442,0.278,223,18,79,44,10,91,2,7,133,176,100,76,56.8,42,13,6,133,82,4,3525,1284,104,0.983,6,136,36,20.9
넥센,2011,8,0.245,133,4989,4343,512,1065,187,23,79,1535,472,103,32,460,16,51,992,94,0.353,0.323,0.676,132,0.252,0.212,7,4.36,133,51,80,30,66,0.389,1171 1/3,1167,81,601,76,830,622,568,1.51,0,10,44,13,5195,20610,0.268,194,20,115,46,16,73,1,8,133,154,99,55,64.3,47,11,7,133,96,8,3514,1495,142,0.981,14,175,68,28.0
삼성,2012,1,0.272,133,5161,4436,628,1205,200,26,89,1724,585,91,47,500,19,86,813,91,0.389,0.353,0.742,132,0.273,0.169,1,3.39,133,80,51,39,71,0.611,1187 2/3,1085,65,384,37,885,473,448,1.24,3,13,67,5,4941,19074,0.247,196,21,82,43,14,46,5,4,133,173,125,48,72.3,63,8,4,133,67,13,3563,1337,105,0.987,7,122,49,28.7
롯데,2012,2,0.263,133,5043,4481,509,1179,202,16,73,1632,479,107,26,375,19,54,890,91,0.364,0.326,0.69,133,0.261,0.194,2,3.48,133,65,62,39,63,0.512,1190 1/3,1145,74,469,53,825,518,460,1.36,3,9,57,15,5070,19536,0.259,162,7,96,30,20,65,1,5,133,172,119,53,69.2,46,7,3,133,83,8,3571,1469,119,0.984,4,109,61,35.9
LG,2012,3,0.261,133,5180,4539,544,1184,212,18,59,1609,512,80,50,458,19,53,857,107,0.354,0.332,0.686,132,0.253,0.197,7,4.02,133,57,72,35,64,0.442,1202,1235,65,422,71,735,580,537,1.38,1,11,48,10,5188,19186,0.272,203,35,116,41,23,57,6,2,133,197,140,57,71.1,61,6,1,133,96,12,3606,1558,125,0.982,8,126,65,34.0
두산,2012,4,0.26,133,4938,4379,524,1139,172,26,59,1540,490,102,40,362,12,54,659,129,0.352,0.322,0.674,132,0.286,0.201,3,3.58,133,68,62,38,47,0.523,1193 1/3,1053,66,491,57,802,519,475,1.29,9,12,80,14,5012,19215,0.243,198,23,99,34,17,57,4,6,133,167,116,51,69.5,62,10,2,133,78,11,3580,1472,124,0.985,12,101,68,40.2
SK,2012,5,0.258,133,4996,4347,564,1120,197,15,108,1671,523,118,28,445,19,58,864,85,0.384,0.333,0.717,131,0.256,0.197,4,3.82,133,71,59,40,69,0.546,1181 1/3,1114,90,457,70,814,528,502,1.33,0,10,54,15,5007,19078,0.256,201,19,92,32,26,35,7,8,133,179,104,75,58.1,57,4,7,133,63,9,3544,1414,143,0.987,6,95,54,36.2
KIA,2012,6,0.256,133,5131,4348,553,1112,197,19,54,1509,518,132,47,544,18,60,790,100,0.347,0.343,0.69,132,0.267,0.178,6,3.9,133,62,65,27,33,0.488,1183 2/3,1161,69,452,68,822,564,513,1.36,11,15,74,18,5101,19344,0.262,229,23,112,38,13,56,6,3,133,183,132,51,72.1,51,8,6,133,88,7,3551,1498,122,0.983,7,107,49,31.4
한화,2012,7,0.249,133,5057,4331,509,1077,208,12,71,1522,479,100,27,538,17,61,907,102,0.351,0.338,0.689,133,0.253,0.219,8,4.55,133,53,77,29,54,0.408,1172 1/3,1148,106,488,68,936,647,593,1.4,3,6,60,12,5092,19601,0.263,186,14,121,47,18,82,3,7,133,160,107,53,66.9,50,16,8,133,73,3,3517,1428,104,0.985,9,165,60,26.7
넥센,2012,8,0.243,133,5021,4338,549,1056,189,28,102,1607,509,92,43,476,17,72,892,79,0.37,0.325,0.695,132,0.261,0.154,5,3.83,133,61,69,36,34,0.469,1187 1/3,1131,80,535,74,853,551,505,1.4,3,6,64,11,5116,19743,0.259,202,18,104,43,9,62,0,1,133,251,179,72,71.3,53,16,5,133,78,12,3562,1510,145,0.985,7,170,54,24.1
두산,2013,1,0.289,128,5142,4401,699,1271,217,37,95,1847,654,82,56,524,19,79,717,105,0.42,0.37,0.79,128,0.289,0.295,7,4.57,128,71,54,30,42,0.568,1150 1/3,1183,84,514,76,848,625,584,1.48,1,8,44,17,5043,19707,0.272,207,30,67,39,10,55,6,1,128,233,172,61,73.8,53,15,1,128,61,6,3451,1372,133,0.988,8,114,59,34.1
삼성,2013,2,0.283,128,5042,4370,669,1235,212,17,113,1820,624,84,41,453,9,93,818,98,0.416,0.359,0.775,128,0.298,0.208,4,3.98,128,75,51,31,49,0.595,1146 2/3,1119,98,411,60,955,545,507,1.33,2,5,70,7,4896,19250,0.259,194,21,70,29,12,44,4,8,128,136,95,41,69.9,58,6,3,128,76,12,3440,1226,113,0.984,8,128,46,26.4
LG,2013,3,0.282,128,4934,4291,616,1210,194,38,59,1657,574,91,42,451,11,59,806,80,0.386,0.355,0.741,128,0.295,0.252,1,3.72,128,74,54,42,86,0.578,1134 2/3,1131,74,406,87,822,510,469,1.35,4,9,55,11,4848,18714,0.266,183,20,59,38,27,46,2,5,128,210,139,71,66.2,69,17,8,128,77,14,3404,1436,165,0.984,8,123,51,29.3
넥센,2013,4,0.272,128,5015,4294,646,1167,209,11,125,1773,607,76,42,505,12,98,912,94,0.413,0.358,0.771,127,0.28,0.2,5,4.12,128,72,54,50,70,0.571,1146 1/3,1160,75,503,84,860,576,525,1.45,0,7,53,12,4996,19638,0.27,202,21,71,37,8,52,3,7,128,196,131,65,66.8,55,14,4,128,97,15,3439,1463,142,0.981,11,133,65,32.8
SK,2013,5,0.265,128,4950,4278,588,1134,189,20,124,1735,558,83,37,465,26,86,918,99,0.406,0.346,0.752,128,0.266,0.245,6,4.16,128,62,63,31,38,0.496,1139,1091,101,505,70,878,571,527,1.4,4,8,65,17,4932,19108,0.257,217,12,75,42,15,66,5,2,128,207,144,63,69.6,42,13,7,128,84,14,3417,1350,128,0.983,11,81,47,36.7
롯데,2013,6,0.261,128,4978,4289,556,1118,208,18,61,1545,522,74,41,502,22,72,862,92,0.36,0.345,0.705,128,0.259,0.279,2,3.93,128,66,58,38,64,0.532,1149 1/3,1148,84,489,62,820,553,502,1.42,1,11,68,21,4986,19418,0.267,180,13,94,36,15,45,0,6,128,191,133,58,69.6,66,12,2,128,98,26,3448,1449,114,0.98,2,113,66,36.9
KIA,2013,7,0.261,128,5051,4318,587,1125,195,13,88,1610,545,78,42,537,8,75,864,110,0.373,0.349,0.722,127,0.258,0.24,8,5.12,128,51,74,32,50,0.408,1142 1/3,1307,88,532,76,923,711,650,1.61,2,3,48,12,5200,20309,0.293,259,28,79,48,12,73,6,4,128,188,141,47,75.0,50,7,6,128,71,10,3427,1318,103,0.985,10,193,57,22.8
한화,2013,8,0.259,128,4915,4271,480,1106,212,13,47,1485,448,54,30,479,11,80,933,140,0.348,0.343,0.691,128,0.253,0.211,9,5.31,128,42,85,22,34,0.331,1129,1195,98,532,95,822,711,666,1.53,2,2,34,8,5073,19471,0.276,227,32,78,43,17,89,8,9,128,119,70,49,58.8,56,9,9,128,74,5,3387,1301,103,0.984,12,159,56,26.0
NC,2013,9,0.244,128,4866,4282,512,1045,209,25,86,1562,485,55,31,434,11,62,955,94,0.365,0.32,0.685,127,0.257,0.176,3,3.96,128,52,72,26,31,0.419,1144 1/3,1077,96,458,94,857,551,503,1.34,5,5,74,21,4919,19087,0.254,176,15,84,50,13,60,6,3,128,189,142,47,75.1,35,19,5,128,93,10,3433,1373,121,0.981,8,87,55,38.7
삼성,2014,1,0.301,128,5152,4464,812,1345,238,23,161,2112,763,76,43,507,11,62,743,88,0.473,0.377,0.85,128,0.327,0.223,2,4.52,128,78,47,35,65,0.624,1144,1217,120,395,61,996,621,575,1.41,3,6,63,18,4990,19628,0.275,257,24,66,40,11,51,3,1,128,207,161,46,77.8,60,10,1,128,77,6,3432,1171,104,0.984,8,100,44,30.6
넥센,2014,2,0.298,128,5163,4434,841,1323,275,31,199,2257,786,65,40,523,10,101,849,100,0.509,0.382,0.891,128,0.286,0.233,5,5.25,128,78,48,35,55,0.619,1131 2/3,1299,142,516,61,901,716,660,1.6,0,3,43,12,5107,20728,0.293,231,18,57,36,2,55,4,7,128,144,100,44,69.4,54,13,5,128,79,12,3395,1342,125,0.984,7,118,44,27.2
두산,2014,3,0.293,128,5083,4427,687,1299,235,26,108,1910,646,81,43,468,10,64,731,103,0.431,0.366,0.797,128,0.282,0.194,6,5.43,128,59,68,19,61,0.465,1123 2/3,1311,121,450,58,840,733,678,1.57,4,2,42,14,5066,19670,0.295,243,29,63,55,4,56,4,5,128,155,111,44,71.6,50,6,8,128,81,3,3371,1268,102,0.983,7,113,46,28.9
SK,2014,4,0.291,128,5082,4423,735,1285,245,22,115,1919,696,91,49,447,12,72,926,92,0.434,0.361,0.795,128,0.301,0.305,7,5.51,128,61,65,26,44,0.484,1129 1/3,1271,153,522,68,837,760,692,1.59,2,3,41,15,5112,20141,0.287,239,21,60,36,19,67,1,3,128,185,139,46,75.1,50,11,6,128,107,3,3388,1373,132,0.978,6,103,51,33.1
KIA,2014,5,0.288,128,5023,4443,662,1279,246,27,121,1942,631,67,35,416,11,62,870,95,0.437,0.355,0.792,128,0.258,0.235,8,5.82,128,54,74,26,40,0.422,1121 2/3,1289,116,561,67,896,788,725,1.65,2,5,42,21,5143,20272,0.293,252,32,66,52,8,78,1,4,128,184,121,63,65.8,59,7,9,128,94,7,3365,1348,131,0.98,7,162,64,28.3
롯데,2014,6,0.287,128,5194,4487,716,1288,252,26,121,1955,685,62,41,534,19,70,964,95,0.436,0.369,0.805,127,0.283,0.245,4,5.19,128,58,69,28,64,0.457,1133 1/3,1310,127,471,52,781,719,654,1.57,0,4,46,14,5092,19761,0.295,250,26,82,42,13,54,1,9,128,104,63,41,60.6,49,2,4,128,89,16,3400,1407,134,0.982,11,84,37,30.6
한화,2014,7,0.283,128,5055,4417,619,1251,223,24,104,1834,594,50,43,490,5,55,839,125,0.415,0.359,0.774,128,0.266,0.221,9,6.35,128,49,77,26,30,0.389,1129,1451,162,537,81,748,889,796,1.76,2,3,37,11,5312,20365,0.318,265,48,69,59,14,83,3,8,128,111,70,41,63.1,46,5,7,128,113,7,3387,1344,126,0.977,12,110,59,34.9
NC,2014,8,0.282,128,5031,4426,737,1249,228,36,143,1978,697,44,51,443,9,67,918,90,0.447,0.353,0.8,127,0.3,0.257,1,4.29,128,70,57,31,59,0.551,1135 2/3,1174,117,481,73,848,608,541,1.46,3,4,59,19,5003,19320,0.271,223,12,78,38,8,50,5,2,128,201,154,47,76.6,44,7,3,128,87,6,3407,1384,125,0.982,9,94,43,31.4
LG,2014,9,0.279,128,5070,4349,668,1214,213,22,90,1741,622,77,57,524,17,63,817,112,0.4,0.361,0.761,127,0.29,0.202,3,4.58,128,62,64,35,65,0.492,1142 2/3,1211,104,419,95,810,643,581,1.43,2,9,47,21,5028,19440,0.275,195,27,72,44,25,51,1,6,128,169,105,64,62.1,51,9,2,128,91,10,3428,1414,125,0.982,9,119,48,28.7
삼성,2015,1,0.302,144,5803,5019,897,1515,259,25,176,2352,850,76,57,581,21,70,930,109,0.469,0.378,0.847,143,0.311,0.239,3,4.69,144,88,56,34,60,0.611,1275 1/3,1323,182,423,64,1194,716,665,1.37,4,7,75,10,5523,21832,0.268,270,17,67,37,11,44,2,2,144,209,157,52,75.1,60,6,8,144,96,9,3826,1304,104,0.982,8,80,49,38.0
넥센,2015,2,0.298,144,5811,5069,904,1512,304,20,203,2465,855,61,55,544,18,82,1098,112,0.486,0.372,0.858,141,0.298,0.27,6,4.91,144,78,65,29,44,0.545,1286,1404,146,518,81,1066,790,701,1.49,1,7,49,11,5709,22181,0.281,236,28,70,45,8,85,4,8,144,147,100,47,68.0,72,16,1,144,110,24,3858,1540,138,0.98,10,111,52,31.9
두산,2015,3,0.29,144,5759,4957,807,1436,254,22,140,2154,770,75,60,567,24,99,820,139,0.435,0.37,0.805,143,0.287,0.262,7,5.02,144,79,65,30,57,0.549,1286,1385,138,584,77,1064,776,718,1.53,3,10,58,18,5762,22557,0.28,248,22,104,45,15,72,11,6,144,158,111,47,70.3,56,6,1,144,93,7,3858,1498,134,0.983,6,109,48,30.6
NC,2015,4,0.289,144,5727,4967,844,1437,283,28,161,2259,802,64,53,536,25,106,1023,105,0.455,0.367,0.822,144,0.293,0.28,1,4.26,144,84,57,37,55,0.596,1279 1/3,1283,149,436,113,1057,655,605,1.34,1,11,55,11,5536,21650,0.264,221,17,79,50,13,60,3,1,144,264,204,60,77.3,50,14,7,144,83,3,3838,1460,133,0.985,5,85,37,30.3
롯데,2015,5,0.28,144,5680,4972,765,1393,254,19,177,2216,727,80,28,532,22,68,1186,136,0.446,0.356,0.802,144,0.274,0.183,8,5.07,144,66,77,19,47,0.462,1281 1/3,1461,164,489,87,1015,802,722,1.52,3,5,59,18,5724,22356,0.291,253,13,76,49,26,89,3,7,144,154,104,50,67.5,56,9,3,144,114,10,3844,1569,138,0.979,16,107,54,33.5
KT,2015,6,0.273,144,5605,4927,670,1344,221,15,129,1982,633,75,37,507,21,58,1112,118,0.402,0.345,0.747,142,0.272,0.267,10,5.56,144,52,91,16,31,0.364,1266 2/3,1518,154,577,87,1046,875,782,1.65,3,3,34,10,5799,22867,0.303,273,25,87,43,17,86,4,3,144,176,124,52,70.5,58,10,10,144,118,14,3800,1530,159,0.978,6,139,64,31.5
SK,2015,7,0.272,144,5588,4861,693,1323,214,10,145,1992,656,110,29,490,13,98,1047,113,0.41,0.349,0.759,144,0.28,0.227,4,4.71,144,69,73,31,60,0.486,1280 2/3,1358,153,517,70,1149,724,670,1.46,3,7,57,12,5646,22190,0.275,270,11,77,38,31,71,4,9,144,153,94,59,61.4,59,14,4,144,95,7,3842,1471,130,0.982,6,108,51,32.1
한화,2015,8,0.271,144,5716,4852,717,1316,218,19,130,1962,667,139,35,581,33,109,1135,112,0.404,0.36,0.764,144,0.269,0.207,9,5.11,144,68,76,32,44,0.472,1279 2/3,1349,157,648,96,920,800,727,1.56,5,7,37,14,5771,22825,0.275,232,12,82,45,38,85,9,10,144,127,80,47,63.0,57,14,5,144,105,9,3839,1582,145,0.981,14,165,63,27.6
LG,2015,9,0.269,144,5599,4941,653,1331,252,22,114,1969,601,75,41,462,18,80,1076,98,0.399,0.339,0.738,144,0.245,0.218,2,4.62,144,64,78,25,44,0.451,1279 2/3,1352,125,490,98,1063,721,657,1.44,3,5,57,15,5599,21661,0.277,227,26,91,37,30,82,3,5,144,175,113,62,64.6,55,9,5,144,103,14,3839,1608,162,0.981,8,127,52,29.1
KIA,2015,10,0.251,144,5454,4777,648,1197,223,22,136,1872,602,79,43,454,16,101,1126,105,0.392,0.326,0.718,144,0.248,0.198,5,4.79,144,67,77,32,65,0.465,1273,1371,143,572,98,979,739,678,1.53,1,10,44,17,5673,22126,0.283,252,31,101,49,22,80,4,4,144,165,115,50,69.7,60,13,9,144,84,14,3819,1537,148,0.985,6,140,56,28.6
두산,2016,1,0.298,144,5841,5044,935,1504,284,25,183,2387,877,43,68,600,11,86,884,121,0.473,0.378,0.851,144,0.305,0.261,1,4.45,144,93,50,36,55,0.65,1287 2/3,1385,136,498,77,982,682,636,1.46,2,7,75,15,5658,22155,0.279,246,30,59,51,7,66,4,9,144,130,85,45,65.4,64,4,2,144,79,8,3863,1522,160,0.986,4,82,44,34.9
넥센,2016,2,0.293,144,5702,4990,813,1464,254,39,134,2198,765,34,59,556,17,63,956,121,0.44,0.368,0.808,144,0.306,0.244,4,4.96,144,77,66,38,74,0.538,1280 1/3,1487,152,435,68,895,757,705,1.5,0,4,45,17,5684,21627,0.294,249,27,66,59,3,50,3,1,144,237,154,83,65.0,56,11,6,144,94,8,3841,1460,121,0.983,11,98,60,38.0
삼성,2016,3,0.293,144,5863,5093,852,1492,249,34,142,2235,792,88,55,552,15,75,864,119,0.439,0.367,0.806,144,0.298,0.221,8,5.64,144,65,78,34,60,0.455,1282 1/3,1507,193,518,87,935,869,804,1.58,2,4,49,18,5799,22623,0.296,251,20,59,43,6,52,8,4,144,154,104,50,67.5,51,5,5,144,90,12,3847,1410,140,0.983,8,115,58,33.5
SK,2016,4,0.291,144,5672,5023,753,1464,234,19,182,2282,715,71,47,429,13,102,1018,104,0.454,0.356,0.81,142,0.276,0.299,3,4.87,144,69,75,31,43,0.479,1274,1386,151,527,76,945,784,689,1.5,1,5,60,12,5659,21558,0.28,232,22,61,48,18,65,7,8,144,149,89,60,59.7,71,8,8,144,123,7,3822,1691,149,0.978,4,106,64,37.6
NC,2016,5,0.291,144,5833,5007,857,1457,249,19,169,2251,808,70,52,609,18,93,1023,133,0.45,0.375,0.825,143,0.302,0.239,2,4.48,144,83,58,36,62,0.589,1286 1/3,1314,137,516,86,1147,690,640,1.42,0,10,42,13,5643,22029,0.266,208,18,53,40,2,84,7,6,144,140,99,41,70.7,48,3,4,144,100,4,3859,1430,136,0.981,3,70,43,38.1
LG,2016,6,0.29,144,5765,5051,786,1464,238,26,118,2108,744,65,54,523,10,72,982,92,0.417,0.361,0.778,143,0.286,0.236,6,5.04,144,71,71,34,75,0.5,1287 2/3,1426,122,539,109,909,807,721,1.53,2,5,53,16,5782,22100,0.284,243,23,64,56,27,84,1,3,144,191,121,70,63.4,70,13,2,144,103,12,3863,1580,139,0.981,9,80,49,38.0
한화,2016,7,0.289,144,5838,5109,826,1478,242,27,142,2200,787,87,41,510,19,91,1025,123,0.431,0.362,0.793,144,0.301,0.28,9,5.76,144,66,75,24,39,0.468,1292 2/3,1520,155,634,76,976,908,827,1.67,1,2,25,13,5937,23157,0.299,230,15,81,59,23,72,6,10,144,102,64,38,62.7,58,10,1,144,124,7,3878,1497,152,0.977,8,124,66,34.7
롯데,2016,8,0.288,144,5784,5001,777,1439,252,20,127,2112,732,62,41,596,18,83,1061,120,0.422,0.37,0.792,144,0.285,0.251,7,5.63,144,66,78,27,59,0.458,1266 1/3,1486,161,585,78,1009,865,792,1.64,2,5,50,18,5785,22761,0.297,276,32,60,52,27,82,5,2,144,209,145,64,69.4,55,10,10,144,91,14,3799,1545,142,0.983,14,90,59,39.6
KIA,2016,9,0.286,144,5696,4999,803,1429,264,28,170,2259,754,66,45,499,12,87,997,109,0.452,0.358,0.81,144,0.288,0.286,5,4.97,144,70,73,38,74,0.49,1276,1456,131,561,59,965,785,705,1.58,7,5,58,21,5771,22527,0.29,230,23,75,54,18,69,7,5,144,151,101,50,66.9,52,12,7,144,111,10,3828,1441,139,0.979,4,136,49,26.5
KT,2016,10,0.276,144,5620,4963,672,1369,214,11,116,1953,639,65,45,499,7,48,933,130,0.394,0.345,0.739,144,0.278,0.22,10,5.92,144,53,89,27,48,0.373,1273,1593,145,560,84,980,927,838,1.69,1,2,38,15,5896,23328,0.31,315,38,73,45,9,77,9,7,144,142,96,46,67.6,58,11,9,144,130,5,3819,1550,151,0.976,11,115,55,32.4
KIA,2017,1,0.302,144,5841,5142,906,1554,292,29,170,2414,868,55,56,499,19,89,891,117,0.469,0.37,0.839,144,0.324,0.254,5,4.79,144,87,56,33,46,0.608,1290,1518,137,434,77,985,743,687,1.51,5,5,75,18,5748,22223,0.295,255,21,52,46,22,69,4,6,144,110,76,34,69.1,46,8,1,144,98,4,3870,1498,153,0.982,12,69,45,39.5
두산,2017,2,0.294,144,5833,5102,849,1499,270,20,178,2343,812,48,47,541,19,95,960,120,0.459,0.369,0.828,144,0.296,0.2,2,4.38,144,84,57,35,46,0.596,1288,1405,125,464,87,956,678,627,1.45,3,9,69,13,5682,22169,0.28,234,31,77,39,11,54,4,8,144,102,69,33,67.6,36,8,2,144,90,9,3864,1468,138,0.983,5,64,36,36.0
NC,2017,3,0.293,144,5790,5079,786,1489,277,19,149,2251,739,62,48,471,19,130,979,119,0.443,0.365,0.808,144,0.292,0.249,4,4.71,144,79,62,32,51,0.56,1284 2/3,1342,169,470,93,1097,745,673,1.41,1,10,48,11,5640,22176,0.269,208,9,63,29,12,93,3,2,144,125,93,32,74.4,59,7,4,144,108,4,3854,1432,134,0.98,4,64,42,39.6
넥센,2017,4,0.29,144,5712,5098,789,1479,267,30,141,2229,748,21,42,468,15,83,1066,129,0.437,0.357,0.794,144,0.29,0.23,7,5.03,144,69,73,40,66,0.486,1271,1488,149,388,97,1005,764,710,1.48,2,5,60,18,5663,21258,0.292,280,21,47,40,10,56,3,7,144,104,70,34,67.3,55,2,8,144,91,7,3813,1424,125,0.983,8,73,43,37.1
한화,2017,5,0.287,144,5665,5030,737,1445,261,16,150,2188,684,85,38,416,15,94,974,112,0.435,0.35,0.785,144,0.29,0.281,8,5.28,144,61,81,31,49,0.43,1273,1474,166,446,100,914,820,747,1.51,1,5,54,21,5698,22066,0.293,278,16,71,57,13,77,4,9,144,108,64,44,59.3,58,12,7,144,91,4,3819,1500,151,0.983,11,78,42,35.0
롯데,2017,6,0.285,144,5671,4994,743,1425,250,17,151,2162,697,76,32,457,33,112,1018,146,0.433,0.356,0.789,144,0.28,0.229,3,4.56,144,80,62,39,59,0.563,1287 1/3,1357,162,477,79,1096,701,652,1.42,1,10,61,21,5634,21978,0.273,245,20,51,50,25,67,7,3,144,136,92,44,67.6,52,10,3,144,86,10,3862,1514,132,0.984,14,87,45,34.1
LG,2017,7,0.281,144,5614,4944,699,1390,216,20,110,1976,663,76,55,438,17,101,1021,123,0.4,0.348,0.748,144,0.295,0.217,1,4.3,144,69,72,32,66,0.489,1279,1305,124,379,102,1040,677,611,1.32,4,6,62,18,5507,21107,0.266,249,29,57,54,31,81,3,5,144,133,77,56,57.9,50,9,6,144,103,12,3837,1434,127,0.981,9,62,37,37.4
삼성,2017,8,0.279,144,5707,5095,757,1419,255,36,145,2181,703,58,55,429,17,70,983,97,0.428,0.34,0.768,144,0.285,0.22,10,5.88,144,55,84,27,34,0.396,1281 1/3,1541,187,548,118,1063,911,837,1.63,1,3,43,12,5916,23196,0.3,281,28,56,59,15,74,4,1,144,135,98,37,72.6,53,6,5,144,95,6,3844,1454,152,0.982,14,64,35,35.4
KT,2017,9,0.275,144,5485,4937,655,1360,274,17,119,2025,625,62,45,374,11,66,1017,118,0.41,0.332,0.742,144,0.29,0.239,9,5.75,144,50,94,22,41,0.347,1256,1524,174,433,95,913,876,803,1.56,4,7,49,18,5702,21518,0.301,283,27,68,49,11,77,6,4,144,137,86,51,62.8,54,8,10,144,112,6,3768,1460,134,0.979,10,109,43,28.3
SK,2017,10,0.271,144,5564,4925,761,1337,222,15,234,2291,733,57,41,427,20,113,1100,97,0.465,0.341,0.806,144,0.273,0.237,6,5.02,144,75,68,30,64,0.524,1270 2/3,1443,154,481,105,940,767,709,1.51,2,4,57,24,5692,21752,0.288,271,17,58,36,35,61,7,10,144,95,53,42,55.8,33,7,9,144,108,15,3812,1552,139,0.98,8,80,39,32.8
두산,2018,1,0.309,144,5870,5176,944,1601,284,30,191,2518,898,43,63,496,16,92,1016,112,0.486,0.376,0.862,144,0.317,0.263,3,4.98,144,93,51,41,56,0.646,1288 2/3,1401,154,476,109,1025,756,713,1.46,1,9,73,17,5700,21946,0.279,266,16,42,43,17,72,2,5,144,119,96,23,80.7,54,7,1,144,77,2,3866,1403,147,0.986,8,68,43,38.7
KIA,2018,2,0.295,144,5744,5036,865,1487,258,22,170,2299,823,56,50,503,27,99,905,135,0.457,0.367,0.824,144,0.302,0.207,9,5.4,144,70,74,26,43,0.486,1270 2/3,1511,181,445,69,1017,826,763,1.54,4,5,50,20,5708,21852,0.297,271,17,47,51,28,65,3,6,144,125,88,37,70.4,53,6,8,144,94,8,3812,1371,127,0.982,11,95,40,29.6
LG,2018,3,0.293,144,5665,5070,788,1487,299,12,148,2254,740,51,51,418,14,75,1001,125,0.445,0.353,0.798,144,0.307,0.245,6,5.29,144,68,75,29,43,0.476,1268 2/3,1434,159,453,89,1058,816,746,1.49,3,7,64,17,5677,21711,0.285,266,19,45,50,13,72,4,9,144,109,71,38,65.1,48,7,9,144,100,7,3806,1404,121,0.981,10,100,41,29.1
롯데,2018,4,0.289,144,5764,5130,821,1484,289,17,203,2416,792,45,37,471,22,81,1157,124,0.471,0.356,0.827,144,0.29,0.25,8,5.37,144,68,74,29,64,0.479,1283 2/3,1410,166,548,73,1164,846,766,1.53,0,6,43,22,5788,22871,0.279,295,26,63,43,23,65,7,10,144,100,68,32,68.0,46,10,3,144,117,5,3851,1426,132,0.978,14,101,41,28.9
넥센,2018,5,0.288,144,5780,5141,825,1481,288,19,165,2302,787,32,50,472,25,85,1208,93,0.448,0.355,0.803,144,0.296,0.265,4,5.08,144,75,69,32,72,0.521,1282,1442,178,416,98,1021,780,723,1.45,4,2,63,23,5646,21381,0.285,252,18,41,33,13,59,4,4,144,134,101,33,75.4,45,6,4,144,106,16,3846,1506,147,0.981,7,70,39,35.8
삼성,2018,6,0.288,144,5766,5109,776,1471,241,29,146,2208,732,57,45,468,14,87,1034,115,0.432,0.355,0.787,144,0.282,0.237,5,5.19,144,68,72,33,56,0.486,1285 1/3,1477,185,441,107,1114,802,741,1.49,0,5,58,17,5740,22530,0.289,291,18,40,43,10,45,5,2,144,168,116,52,69.0,46,4,2,144,79,5,3856,1337,133,0.985,7,100,38,27.5
SK,2018,7,0.281,144,5682,4992,829,1403,234,13,233,2362,791,54,34,483,6,119,1079,103,0.473,0.356,0.829,144,0.288,0.241,1,4.67,144,78,65,29,63,0.545,1274 2/3,1353,189,425,74,1130,729,662,1.39,0,7,60,21,5563,21347,0.271,232,17,39,24,15,62,2,3,144,147,108,39,73.5,51,10,5,144,116,6,3824,1434,133,0.978,6,95,39,29.1
한화,2018,8,0.275,144,5539,4972,729,1369,249,14,151,2099,668,31,28,420,17,88,1098,113,0.422,0.341,0.763,144,0.283,0.231,2,4.93,144,77,67,37,62,0.535,1274,1394,164,472,89,1124,761,698,1.46,0,5,45,13,5637,22342,0.279,246,13,29,46,9,78,7,1,144,182,118,64,64.8,58,10,7,144,99,10,3822,1397,141,0.981,11,83,41,33.1
KT,2018,9,0.275,144,5605,5026,757,1382,264,13,206,2290,721,43,26,464,14,46,1109,103,0.456,0.34,0.796,144,0.273,0.262,7,5.34,144,59,82,24,45,0.418,1274 1/3,1580,194,409,84,1025,834,756,1.56,4,5,59,18,5743,21948,0.307,272,23,56,43,25,63,1,8,144,137,80,57,58.4,63,7,6,144,99,9,3823,1502,161,0.982,21,99,42,29.8
NC,2018,10,0.261,144,5488,4895,660,1280,233,18,143,1978,629,35,43,427,15,88,1081,115,0.404,0.329,0.733,143,0.268,0.284,10,5.48,144,58,85,24,51,0.406,1264,1443,186,537,68,1010,844,769,1.57,1,4,45,20,5701,22506,0.289,248,20,45,51,17,92,6,7,144,117,82,35,70.1,48,8,10,144,107,7,3792,1401,141,0.98,19,86,46,34.8
키움,2019,1,0.282,144,5658,4991,780,1405,251,38,112,2068,741,36,48,514,13,69,943,122,0.414,0.354,0.768,144,0.3,0.276,3,3.61,144,86,57,39,91,0.601,1279,1293,61,371,58,984,572,513,1.3,2,12,76,11,5427,20160,0.263,244,24,42,39,3,45,6,2,144,143,110,33,76.9,37,6,5,144,99,13,3837,1509,128,0.982,6,92,46,33.3
NC,2019,2,0.278,144,5631,4968,674,1383,249,26,128,2068,639,64,60,456,14,83,880,126,0.416,0.345,0.761,144,0.266,0.179,5,4.01,144,73,69,32,68,0.514,1284 1/3,1285,103,483,92,991,631,572,1.38,5,8,60,17,5578,21407,0.262,199,19,41,54,10,68,2,8,144,132,87,45,65.9,53,7,2,144,95,6,3853,1477,130,0.982,4,64,49,43.4
두산,2019,3,0.278,144,5670,4913,736,1364,235,31,84,1913,691,39,83,563,16,72,799,117,0.389,0.355,0.744,144,0.277,0.202,2,3.51,144,88,55,44,69,0.615,1283 2/3,1259,78,380,70,860,550,500,1.28,3,10,81,16,5434,20630,0.257,231,22,41,53,22,48,5,7,144,140,102,38,72.9,59,7,3,144,83,8,3851,1430,131,0.985,6,96,32,25.0
KT,2019,4,0.277,144,5582,4965,650,1375,187,20,103,1911,615,45,45,475,15,52,975,113,0.385,0.344,0.729,144,0.27,0.218,6,4.29,144,71,71,37,59,0.5,1277,1303,118,481,61,848,661,608,1.4,2,10,62,9,5533,20662,0.266,225,25,47,42,17,50,6,6,144,148,104,44,70.3,58,8,6,144,102,7,3831,1479,137,0.981,15,90,43,32.3
LG,2019,5,0.267,144,5536,4928,641,1316,233,15,94,1861,604,49,48,434,17,77,962,117,0.378,0.333,0.711,144,0.265,0.222,4,3.86,144,79,64,43,62,0.552,1283 1/3,1257,89,499,91,953,633,551,1.37,1,9,73,13,5555,20969,0.258,223,23,40,48,15,64,1,3,144,155,108,47,69.7,38,6,4,144,95,6,3850,1507,139,0.983,7,115,41,26.3
KIA,2019,6,0.264,144,5505,4874,605,1286,248,19,76,1800,567,31,45,497,13,58,919,108,0.369,0.336,0.705,144,0.256,0.19,8,4.65,144,62,80,30,64,0.437,1264,1362,101,504,76,976,723,653,1.48,3,11,59,13,5614,21353,0.276,257,24,35,61,17,51,2,8,144,129,87,42,67.4,61,7,10,144,110,5,3792,1381,126,0.979,9,116,50,30.1
SK,2019,7,0.262,144,5542,4919,655,1290,218,14,117,1887,622,35,38,462,20,87,966,92,0.384,0.334,0.718,144,0.278,0.252,1,3.48,144,88,55,51,92,0.615,1292 1/3,1240,99,436,50,1092,546,500,1.3,0,19,78,8,5463,20930,0.254,176,14,48,44,12,50,4,1,144,168,118,50,70.2,51,12,1,144,87,9,3877,1416,131,0.984,3,105,31,22.8
한화,2019,8,0.256,144,5482,4882,607,1250,223,16,88,1769,562,44,45,441,12,70,1090,112,0.362,0.324,0.686,143,0.255,0.187,9,4.8,144,58,86,28,43,0.403,1268 2/3,1407,120,526,72,934,737,677,1.52,2,8,48,17,5656,21848,0.283,238,19,44,44,9,66,4,5,144,156,105,51,67.3,51,6,9,144,106,8,3806,1488,151,0.98,10,104,49,32.0
삼성,2019,9,0.256,144,5533,4866,622,1245,230,26,122,1893,598,58,53,478,15,78,976,107,0.389,0.329,0.718,143,0.254,0.204,7,4.64,144,60,83,29,60,0.42,1275 1/3,1332,125,523,70,924,731,658,1.45,4,8,54,15,5638,21721,0.269,253,37,40,56,9,49,5,4,144,149,107,42,71.8,45,7,7,144,105,4,3826,1370,132,0.98,9,90,38,29.7
롯데,2019,10,0.25,144,5488,4919,578,1231,214,22,90,1759,545,35,40,429,12,65,1085,108,0.358,0.316,0.674,144,0.25,0.193,10,4.83,144,48,93,16,47,0.34,1271,1407,120,546,71,1033,764,682,1.54,1,8,47,17,5729,21946,0.282,242,20,58,64,33,103,4,10,144,96,65,31,67.7,49,8,8,144,114,8,3813,1432,131,0.979,11,91,44,32.6
두산,2020,1,0.293,144,5776,5046,816,1477,263,20,125,2155,778,38,73,551,20,68,796,132,0.427,0.365,0.792,142,0.291,0.246,1,4.31,144,79,61,23,45,0.564,1285 2/3,1395,109,478,61,1046,695,616,1.46,1,13,63,15,5681,22408,0.276,258,25,48,41,22,52,4,6,144,125,88,37,70.4,63,4,4,144,85,10,3857,1282,126,0.984,6,91,25,21.6
NC,2020,2,0.291,144,5833,5102,888,1483,258,28,187,2358,845,46,51,529,21,104,997,106,0.462,0.366,0.828,144,0.33,0.286,5,4.58,144,83,55,31,88,0.601,1296 2/3,1292,153,547,79,1049,714,660,1.42,0,7,59,19,5690,22362,0.26,199,15,53,35,10,65,7,4,144,139,101,38,72.7,49,7,1,144,87,9,3890,1294,120,0.983,10,49,42,46.2
KT,2020,3,0.284,144,5762,5047,813,1432,238,21,163,2201,767,64,45,554,20,52,1097,104,0.436,0.358,0.794,144,0.289,0.192,4,4.54,144,81,62,33,71,0.566,1290 1/3,1357,118,523,59,848,715,651,1.46,0,5,56,23,5680,21496,0.271,227,9,45,48,20,75,1,3,144,156,106,50,67.9,49,6,3,144,102,4,3871,1486,154,0.981,10,75,21,21.9
LG,2020,4,0.277,144,5681,4999,802,1384,253,29,149,2142,760,49,49,509,21,75,969,115,0.428,0.349,0.777,144,0.31,0.223,2,4.37,144,79,61,29,67,0.564,1292 2/3,1344,123,493,86,1019,694,627,1.42,2,13,70,19,5655,21725,0.27,240,17,38,56,12,49,4,7,144,122,83,39,68.0,64,5,2,144,80,6,3878,1460,156,0.985,9,89,36,28.8
롯데,2020,5,0.276,144,5669,4958,750,1366,252,6,131,2023,711,39,48,569,18,55,875,148,0.408,0.353,0.761,144,0.283,0.216,6,4.64,144,71,72,25,59,0.497,1277 1/3,1351,143,447,58,1002,720,659,1.41,1,16,59,18,5583,21520,0.271,241,17,51,40,25,62,4,5,144,121,90,31,74.4,52,3,6,144,94,3,3832,1444,124,0.982,7,95,28,22.8
KIA,2020,6,0.274,144,5642,4937,724,1355,224,13,130,1995,692,63,38,535,10,69,957,114,0.404,0.351,0.755,144,0.284,0.258,8,5.13,144,73,71,33,79,0.507,1270,1399,120,559,70,1038,795,724,1.54,1,5,57,18,5681,22134,0.284,265,34,59,59,8,78,4,10,144,72,47,25,65.3,47,6,8,144,100,7,3810,1480,169,0.981,10,82,46,35.9
키움,2020,7,0.269,144,5721,4945,759,1332,254,25,127,2017,713,43,52,608,16,73,1030,107,0.408,0.355,0.763,144,0.281,0.211,3,4.39,144,80,63,42,81,0.559,1280 1/3,1336,126,446,73,950,692,624,1.39,0,6,53,18,5556,21349,0.27,208,15,50,39,16,51,7,2,144,140,113,27,80.7,40,11,5,144,112,15,3841,1544,143,0.98,8,87,39,31.0
삼성,2020,8,0.268,144,5574,4923,699,1317,211,12,129,1939,658,50,53,486,10,62,990,117,0.394,0.338,0.732,144,0.272,0.26,7,4.78,144,64,75,25,80,0.46,1272 1/3,1330,151,542,67,931,745,676,1.47,3,11,53,19,5634,22269,0.27,222,16,50,47,16,55,5,1,144,181,132,49,72.9,42,14,7,144,102,9,3817,1310,126,0.98,6,57,38,40.0
SK,2020,9,0.25,144,5502,4839,634,1212,177,17,143,1852,595,49,34,511,18,69,981,112,0.383,0.329,0.712,144,0.254,0.203,10,5.57,144,51,92,20,53,0.357,1259 1/3,1343,162,670,84,953,846,780,1.6,1,3,47,19,5727,22729,0.275,225,17,41,46,12,85,5,8,144,126,81,45,64.3,44,16,10,144,99,6,3778,1326,139,0.981,6,129,57,30.6
한화,2020,10,0.245,144,5483,4862,551,1189,195,12,79,1645,523,45,25,462,9,89,1163,119,0.338,0.32,0.658,144,0.245,0.22,9,5.28,144,46,95,21,54,0.326,1265,1400,158,609,79,1019,820,742,1.59,1,6,40,15,5756,22882,0.282,240,18,51,57,22,76,5,9,144,87,51,36,58.6,43,4,9,144,100,7,3795,1279,133,0.981,10,120,45,27.3
롯데,2021,1,0.278,144,5726,5009,727,1393,266,10,107,2000,697,38,46,579,19,54,969,114,0.399,0.356,0.755,144,0.286,0.253,10,5.37,144,65,71,37,76,0.478,1271,1333,133,659,87,1054,808,758,1.57,1,12,46,15,5759,22835,0.271,253,16,53,40,19,102,5,10,144,91,60,31,65.9,54,8,3,144,85,9,3813,1403,124,0.984,8,101,44,30.3
두산,2021,2,0.268,144,5645,4900,738,1314,235,17,110,1913,698,46,53,560,13,86,943,137,0.39,0.35,0.74,143,0.289,0.261,3,4.26,144,71,65,28,61,0.522,1269 1/3,1295,104,587,73,1045,656,601,1.48,2,10,55,15,5631,22163,0.267,212,21,61,61,16,52,7,8,144,118,81,37,68.6,47,10,5,144,89,8,3806,1293,120,0.983,10,83,48,36.6
삼성,2021,3,0.267,144,5552,4836,712,1292,204,18,133,1931,669,48,68,545,21,55,902,98,0.399,0.344,0.743,144,0.268,0.21,4,4.3,144,76,59,46,80,0.563,1259,1297,131,530,51,1038,658,601,1.45,2,14,66,13,5536,21926,0.266,230,24,45,36,13,58,3,1,144,160,116,44,72.5,47,7,8,144,88,6,3776,1333,130,0.983,5,61,26,29.9
KT,2021,4,0.265,144,5627,4810,719,1276,219,11,106,1835,673,69,44,645,27,58,1047,105,0.381,0.356,0.737,142,0.271,0.227,2,3.67,144,76,59,33,74,0.563,1264,1176,86,489,42,1062,584,515,1.32,2,6,76,16,5397,20893,0.246,184,13,46,48,18,56,1,2,144,158,112,46,70.9,48,5,6,144,112,7,3792,1464,133,0.979,7,93,31,25.0
SSG,2021,5,0.261,144,5736,4899,755,1278,204,13,185,2063,712,55,52,637,23,93,1056,106,0.421,0.353,0.774,143,0.261,0.259,8,4.82,144,66,64,25,56,0.508,1276 2/3,1296,149,629,78,1012,741,684,1.51,0,5,42,24,5706,22459,0.265,214,14,54,50,27,41,9,5,144,143,100,43,69.9,42,3,1,144,102,14,3830,1407,124,0.981,12,105,46,30.5
NC,2021,6,0.261,144,5532,4808,702,1254,203,17,170,2001,670,59,43,511,14,111,1093,94,0.416,0.343,0.759,143,0.26,0.224,6,4.54,144,67,68,33,80,0.496,1256 2/3,1268,125,592,77,1055,697,634,1.48,3,10,53,18,5622,22346,0.26,231,15,34,41,14,75,8,4,144,147,101,46,68.7,39,9,10,144,111,4,3770,1287,105,0.979,5,84,40,32.3
키움,2021,7,0.259,144,5653,4874,722,1262,244,28,91,1835,671,35,56,595,17,93,1053,93,0.376,0.347,0.723,143,0.279,0.227,5,4.31,144,70,67,30,56,0.511,1263 1/3,1281,101,566,80,900,700,605,1.46,1,7,57,16,5599,21670,0.264,223,7,55,48,27,59,4,6,144,123,97,26,78.9,39,3,7,144,129,14,3790,1529,153,0.976,5,85,35,29.2
LG,2021,8,0.25,144,5533,4750,654,1188,210,11,110,1750,621,52,45,592,16,94,926,102,0.368,0.342,0.71,143,0.251,0.273,1,3.57,144,72,58,32,81,0.554,1272 1/3,1126,80,545,98,1068,561,505,1.31,0,18,50,14,5453,21456,0.238,197,18,45,43,18,43,5,7,144,126,92,34,73.0,43,15,2,144,91,4,3817,1480,147,0.983,12,98,40,29.0
KIA,2021,9,0.248,144,5577,4831,568,1198,183,21,66,1621,546,41,37,595,16,73,921,119,0.336,0.337,0.673,143,0.263,0.203,9,4.89,144,58,76,36,94,0.433,1269,1286,134,622,104,951,752,690,1.5,1,6,39,16,5701,22375,0.265,214,16,58,63,5,59,9,9,144,104,73,31,70.2,46,8,4,144,110,9,3807,1365,140,0.979,10,92,43,31.9
한화,2021,10,0.237,144,5495,4685,599,1111,213,17,80,1598,554,54,49,633,14,74,1286,110,0.341,0.334,0.675,143,0.248,0.195,7,4.65,144,49,83,21,62,0.371,1258 2/3,1208,115,673,101,1011,739,650,1.49,1,6,41,19,5672,22852,0.252,223,19,46,63,23,56,11,3,144,165,109,56,66.1,59,14,8,144,120,7,3776,1260,121,0.977,7,111,41,27.0
